"filename", "language", "TypeScript JSX", "JSON", "JSON with Comments", "CSS", "HTML", "Markdown", "TypeScript", "Properties", "JavaScript", "XML", "comment", "blank", "total"
"/Users/mehmetemintellioglu/Desktop/news_project_cursor copy 2/.history/admin-frontend/src/App_20250131151637.tsx", "TypeScript JSX", 71, 0, 0, 0, 0, 0, 0, 0, 0, 0, 1, 5, 77
"/Users/mehmetemintellioglu/Desktop/news_project_cursor copy 2/.history/admin-frontend/src/App_20250202172318.tsx", "TypeScript JSX", 71, 0, 0, 0, 0, 0, 0, 0, 0, 0, 1, 5, 77
"/Users/mehmetemintellioglu/Desktop/news_project_cursor copy 2/.history/admin-frontend/src/App_20250202172434.tsx", "TypeScript JSX", 71, 0, 0, 0, 0, 0, 0, 0, 0, 0, 1, 5, 77
"/Users/mehmetemintellioglu/Desktop/news_project_cursor copy 2/.history/admin-frontend/src/App_20250202172802.tsx", "TypeScript JSX", 70, 0, 0, 0, 0, 0, 0, 0, 0, 0, 1, 5, 76
"/Users/mehmetemintellioglu/Desktop/news_project_cursor copy 2/.history/admin-frontend/src/App_20250202172823.tsx", "TypeScript JSX", 70, 0, 0, 0, 0, 0, 0, 0, 0, 0, 1, 5, 76
"/Users/mehmetemintellioglu/Desktop/news_project_cursor copy 2/.history/admin-frontend/src/App_20250202212031.tsx", "TypeScript JSX", 98, 0, 0, 0, 0, 0, 0, 0, 0, 0, 2, 9, 109
"/Users/mehmetemintellioglu/Desktop/news_project_cursor copy 2/.history/admin-frontend/src/App_20250202212237.tsx", "TypeScript JSX", 98, 0, 0, 0, 0, 0, 0, 0, 0, 0, 2, 9, 109
"/Users/mehmetemintellioglu/Desktop/news_project_cursor copy 2/.history/admin-frontend/src/App_20250202212654.tsx", "TypeScript JSX", 103, 0, 0, 0, 0, 0, 0, 0, 0, 0, 1, 9, 113
"/Users/mehmetemintellioglu/Desktop/news_project_cursor copy 2/.history/admin-frontend/src/App_20250202212707.tsx", "TypeScript JSX", 103, 0, 0, 0, 0, 0, 0, 0, 0, 0, 1, 9, 113
"/Users/mehmetemintellioglu/Desktop/news_project_cursor copy 2/.history/admin-frontend/src/components/Layout_20250131145233.tsx", "TypeScript JSX", 144, 0, 0, 0, 0, 0, 0, 0, 0, 0, 0, 6, 150
"/Users/mehmetemintellioglu/Desktop/news_project_cursor copy 2/.history/admin-frontend/src/components/Layout_20250202174153.tsx", "TypeScript JSX", 147, 0, 0, 0, 0, 0, 0, 0, 0, 0, 0, 7, 154
"/Users/mehmetemintellioglu/Desktop/news_project_cursor copy 2/.history/admin-frontend/src/components/Layout_20250202174335.tsx", "TypeScript JSX", 147, 0, 0, 0, 0, 0, 0, 0, 0, 0, 0, 7, 154
"/Users/mehmetemintellioglu/Desktop/news_project_cursor copy 2/.history/admin-frontend/src/components/Layout_20250202174443.tsx", "TypeScript JSX", 147, 0, 0, 0, 0, 0, 0, 0, 0, 0, 0, 7, 154
"/Users/mehmetemintellioglu/Desktop/news_project_cursor copy 2/.history/admin-frontend/src/components/Layout_20250202174524.tsx", "TypeScript JSX", 147, 0, 0, 0, 0, 0, 0, 0, 0, 0, 0, 7, 154
"/Users/mehmetemintellioglu/Desktop/news_project_cursor copy 2/.history/admin-frontend/src/components/Layout_20250202212050.tsx", "TypeScript JSX", 150, 0, 0, 0, 0, 0, 0, 0, 0, 0, 0, 8, 158
"/Users/mehmetemintellioglu/Desktop/news_project_cursor copy 2/.history/admin-frontend/src/components/Layout_20250202212237.tsx", "TypeScript JSX", 150, 0, 0, 0, 0, 0, 0, 0, 0, 0, 0, 8, 158
"/Users/mehmetemintellioglu/Desktop/news_project_cursor copy 2/.history/admin-frontend/src/pages/Dashboard_20250131144159.tsx", "TypeScript JSX", 116, 0, 0, 0, 0, 0, 0, 0, 0, 0, 3, 7, 126
"/Users/mehmetemintellioglu/Desktop/news_project_cursor copy 2/.history/admin-frontend/src/pages/Dashboard_20250202212638.tsx", "TypeScript JSX", 150, 0, 0, 0, 0, 0, 0, 0, 0, 0, 3, 12, 165
"/Users/mehmetemintellioglu/Desktop/news_project_cursor copy 2/.history/admin-frontend/src/pages/Dashboard_20250202212643.tsx", "TypeScript JSX", 150, 0, 0, 0, 0, 0, 0, 0, 0, 0, 3, 12, 165
"/Users/mehmetemintellioglu/Desktop/news_project_cursor copy 2/.history/admin-frontend/src/pages/Login_20250131144217.tsx", "TypeScript JSX", 91, 0, 0, 0, 0, 0, 0, 0, 0, 0, 0, 5, 96
"/Users/mehmetemintellioglu/Desktop/news_project_cursor copy 2/.history/admin-frontend/src/pages/Login_20250202212434.tsx", "TypeScript JSX", 110, 0, 0, 0, 0, 0, 0, 0, 0, 0, 0, 6, 116
"/Users/mehmetemintellioglu/Desktop/news_project_cursor copy 2/.history/admin-frontend/src/pages/Login_20250202212455.tsx", "TypeScript JSX", 110, 0, 0, 0, 0, 0, 0, 0, 0, 0, 0, 6, 116
"/Users/mehmetemintellioglu/Desktop/news_project_cursor copy 2/.history/admin-frontend/src/pages/NewsManagement_20250131144159.tsx", "TypeScript JSX", 210, 0, 0, 0, 0, 0, 0, 0, 0, 0, 0, 11, 221
"/Users/mehmetemintellioglu/Desktop/news_project_cursor copy 2/.history/admin-frontend/src/pages/NewsManagement_20250202171339.tsx", "TypeScript JSX", 268, 0, 0, 0, 0, 0, 0, 0, 0, 0, 0, 14, 282
"/Users/mehmetemintellioglu/Desktop/news_project_cursor copy 2/.history/admin-frontend/src/pages/NewsManagement_20250202171546.tsx", "TypeScript JSX", 268, 0, 0, 0, 0, 0, 0, 0, 0, 0, 0, 14, 282
"/Users/mehmetemintellioglu/Desktop/news_project_cursor copy 2/.history/admin-frontend/src/pages/NewsManagement_20250202213019.tsx", "TypeScript JSX", 313, 0, 0, 0, 0, 0, 0, 0, 0, 0, 0, 20, 333
"/Users/mehmetemintellioglu/Desktop/news_project_cursor copy 2/.history/admin-frontend/src/pages/NewsManagement_20250202213102.tsx", "TypeScript JSX", 313, 0, 0, 0, 0, 0, 0, 0, 0, 0, 0, 20, 333
"/Users/mehmetemintellioglu/Desktop/news_project_cursor copy 2/.history/admin-frontend/src/pages/NewsManagement_20250202214544.tsx", "TypeScript JSX", 323, 0, 0, 0, 0, 0, 0, 0, 0, 0, 0, 22, 345
"/Users/mehmetemintellioglu/Desktop/news_project_cursor copy 2/.history/admin-frontend/src/pages/NewsManagement_20250202214606.tsx", "TypeScript JSX", 323, 0, 0, 0, 0, 0, 0, 0, 0, 0, 0, 22, 345
"/Users/mehmetemintellioglu/Desktop/news_project_cursor copy 2/.history/admin-frontend/src/pages/NewsManagement_20250202215700.tsx", "TypeScript JSX", 336, 0, 0, 0, 0, 0, 0, 0, 0, 0, 0, 28, 364
"/Users/mehmetemintellioglu/Desktop/news_project_cursor copy 2/.history/admin-frontend/src/pages/NewsManagement_20250202215918.tsx", "TypeScript JSX", 336, 0, 0, 0, 0, 0, 0, 0, 0, 0, 0, 28, 364
"/Users/mehmetemintellioglu/Desktop/news_project_cursor copy 2/.history/admin-frontend/src/pages/NewsManagement_20250202215940.tsx", "TypeScript JSX", 336, 0, 0, 0, 0, 0, 0, 0, 0, 0, 0, 23, 359
"/Users/mehmetemintellioglu/Desktop/news_project_cursor copy 2/.history/admin-frontend/src/pages/NewsManagement_20250202220025.tsx", "TypeScript JSX", 336, 0, 0, 0, 0, 0, 0, 0, 0, 0, 0, 23, 359
"/Users/mehmetemintellioglu/Desktop/news_project_cursor copy 2/.history/admin-frontend/src/pages/UserManagement_20250131145717.tsx", "TypeScript JSX", 232, 0, 0, 0, 0, 0, 0, 0, 0, 0, 0, 12, 244
"/Users/mehmetemintellioglu/Desktop/news_project_cursor copy 2/.history/admin-frontend/src/pages/UserManagement_20250202174229.tsx", "TypeScript JSX", 311, 0, 0, 0, 0, 0, 0, 0, 0, 0, 0, 15, 326
"/Users/mehmetemintellioglu/Desktop/news_project_cursor copy 2/.history/admin-frontend/src/pages/UserManagement_20250202174335.tsx", "TypeScript JSX", 311, 0, 0, 0, 0, 0, 0, 0, 0, 0, 0, 15, 326
"/Users/mehmetemintellioglu/Desktop/news_project_cursor copy 2/.history/admin-frontend/src/pages/UserManagement_20250202174453.tsx", "TypeScript JSX", 311, 0, 0, 0, 0, 0, 0, 0, 0, 0, 0, 15, 326
"/Users/mehmetemintellioglu/Desktop/news_project_cursor copy 2/.history/admin-frontend/src/pages/UserManagement_20250202174524.tsx", "TypeScript JSX", 311, 0, 0, 0, 0, 0, 0, 0, 0, 0, 0, 15, 326
"/Users/mehmetemintellioglu/Desktop/news_project_cursor copy 2/.history/backend/package_20250201160902.json", "JSON", 0, 83, 0, 0, 0, 0, 0, 0, 0, 0, 0, 1, 84
"/Users/mehmetemintellioglu/Desktop/news_project_cursor copy 2/.history/backend/package_20250202220421.json", "JSON", 0, 84, 0, 0, 0, 0, 0, 0, 0, 0, 0, 1, 85
"/Users/mehmetemintellioglu/Desktop/news_project_cursor copy 2/.history/backend/package_20250202220437.json", "JSON", 0, 84, 0, 0, 0, 0, 0, 0, 0, 0, 0, 1, 85
"/Users/mehmetemintellioglu/Desktop/news_project_cursor copy 2/.history/backend/src/app.controller_20250131145004.ts", "TypeScript", 0, 0, 0, 0, 0, 0, 16, 0, 0, 0, 0, 4, 20
"/Users/mehmetemintellioglu/Desktop/news_project_cursor copy 2/.history/backend/src/app.controller_20250202220108.ts", "TypeScript", 0, 0, 0, 0, 0, 0, 10, 0, 0, 0, 0, 3, 13
"/Users/mehmetemintellioglu/Desktop/news_project_cursor copy 2/.history/backend/src/app.controller_20250202220110.ts", "TypeScript", 0, 0, 0, 0, 0, 0, 10, 0, 0, 0, 0, 3, 13
"/Users/mehmetemintellioglu/Desktop/news_project_cursor copy 2/.history/backend/src/app.controller_20250202223013.ts", "TypeScript", 0, 0, 0, 0, 0, 0, 25, 0, 0, 0, 0, 4, 29
"/Users/mehmetemintellioglu/Desktop/news_project_cursor copy 2/.history/backend/src/app.controller_20250202223014.ts", "TypeScript", 0, 0, 0, 0, 0, 0, 25, 0, 0, 0, 0, 4, 29
"/Users/mehmetemintellioglu/Desktop/news_project_cursor copy 2/.history/backend/src/app.module_20250202155240.ts", "TypeScript", 0, 0, 0, 0, 0, 0, 31, 0, 0, 0, 0, 2, 33
"/Users/mehmetemintellioglu/Desktop/news_project_cursor copy 2/.history/backend/src/app.module_20250202164120.ts", "TypeScript", 0, 0, 0, 0, 0, 0, 37, 0, 0, 0, 0, 3, 40
"/Users/mehmetemintellioglu/Desktop/news_project_cursor copy 2/.history/backend/src/app.module_20250202165532.ts", "TypeScript", 0, 0, 0, 0, 0, 0, 39, 0, 0, 0, 0, 3, 42
"/Users/mehmetemintellioglu/Desktop/news_project_cursor copy 2/.history/backend/src/app.module_20250202171402.ts", "TypeScript", 0, 0, 0, 0, 0, 0, 41, 0, 0, 0, 0, 3, 44
"/Users/mehmetemintellioglu/Desktop/news_project_cursor copy 2/.history/backend/src/app.module_20250202171546.ts", "TypeScript", 0, 0, 0, 0, 0, 0, 41, 0, 0, 0, 0, 3, 44
"/Users/mehmetemintellioglu/Desktop/news_project_cursor copy 2/.history/backend/src/app.module_20250202180431.ts", "TypeScript", 0, 0, 0, 0, 0, 0, 44, 0, 0, 0, 0, 3, 47
"/Users/mehmetemintellioglu/Desktop/news_project_cursor copy 2/.history/backend/src/app.module_20250202215503.ts", "TypeScript", 0, 0, 0, 0, 0, 0, 42, 0, 0, 0, 0, 3, 45
"/Users/mehmetemintellioglu/Desktop/news_project_cursor copy 2/.history/backend/src/app.module_20250202215517.ts", "TypeScript", 0, 0, 0, 0, 0, 0, 44, 0, 0, 0, 0, 3, 47
"/Users/mehmetemintellioglu/Desktop/news_project_cursor copy 2/.history/backend/src/app.module_20250202215545.ts", "TypeScript", 0, 0, 0, 0, 0, 0, 44, 0, 0, 0, 0, 3, 47
"/Users/mehmetemintellioglu/Desktop/news_project_cursor copy 2/.history/backend/src/app.module_20250202215904.ts", "TypeScript", 0, 0, 0, 0, 0, 0, 37, 0, 0, 0, 0, 2, 39
"/Users/mehmetemintellioglu/Desktop/news_project_cursor copy 2/.history/backend/src/app.module_20250202215918.ts", "TypeScript", 0, 0, 0, 0, 0, 0, 37, 0, 0, 0, 0, 2, 39
"/Users/mehmetemintellioglu/Desktop/news_project_cursor copy 2/.history/backend/src/app.module_20250202220100.ts", "TypeScript", 0, 0, 0, 0, 0, 0, 37, 0, 0, 0, 0, 2, 39
"/Users/mehmetemintellioglu/Desktop/news_project_cursor copy 2/.history/backend/src/app.module_20250202220154.ts", "TypeScript", 0, 0, 0, 0, 0, 0, 39, 0, 0, 0, 0, 2, 41
"/Users/mehmetemintellioglu/Desktop/news_project_cursor copy 2/.history/backend/src/app.module_20250202220210.ts", "TypeScript", 0, 0, 0, 0, 0, 0, 39, 0, 0, 0, 0, 2, 41
"/Users/mehmetemintellioglu/Desktop/news_project_cursor copy 2/.history/backend/src/app.module_20250202220702.ts", "TypeScript", 0, 0, 0, 0, 0, 0, 47, 0, 0, 0, 0, 2, 49
"/Users/mehmetemintellioglu/Desktop/news_project_cursor copy 2/.history/backend/src/app.service_20250131145158.ts", "TypeScript", 0, 0, 0, 0, 0, 0, 48, 0, 0, 0, 0, 5, 53
"/Users/mehmetemintellioglu/Desktop/news_project_cursor copy 2/.history/backend/src/app.service_20250202184305.ts", "TypeScript", 0, 0, 0, 0, 0, 0, 43, 0, 0, 0, 0, 5, 48
"/Users/mehmetemintellioglu/Desktop/news_project_cursor copy 2/.history/backend/src/app.service_20250202184324.ts", "TypeScript", 0, 0, 0, 0, 0, 0, 43, 0, 0, 0, 0, 5, 48
"/Users/mehmetemintellioglu/Desktop/news_project_cursor copy 2/.history/backend/src/app.service_20250202211235.ts", "TypeScript", 0, 0, 0, 0, 0, 0, 50, 0, 0, 0, 0, 6, 56
"/Users/mehmetemintellioglu/Desktop/news_project_cursor copy 2/.history/backend/src/app.service_20250202220048.ts", "TypeScript", 0, 0, 0, 0, 0, 0, 7, 0, 0, 0, 0, 2, 9
"/Users/mehmetemintellioglu/Desktop/news_project_cursor copy 2/.history/backend/src/app.service_20250202220101.ts", "TypeScript", 0, 0, 0, 0, 0, 0, 7, 0, 0, 0, 0, 2, 9
"/Users/mehmetemintellioglu/Desktop/news_project_cursor copy 2/.history/backend/src/auth/auth.controller_20250202155049.ts", "TypeScript", 0, 0, 0, 0, 0, 0, 29, 0, 0, 0, 0, 4, 33
"/Users/mehmetemintellioglu/Desktop/news_project_cursor copy 2/.history/backend/src/auth/auth.controller_20250202223426.ts", "TypeScript", 0, 0, 0, 0, 0, 0, 22, 0, 0, 0, 0, 4, 26
"/Users/mehmetemintellioglu/Desktop/news_project_cursor copy 2/.history/backend/src/auth/auth.controller_20250202223434.ts", "TypeScript", 0, 0, 0, 0, 0, 0, 22, 0, 0, 0, 0, 4, 26
"/Users/mehmetemintellioglu/Desktop/news_project_cursor copy 2/.history/backend/src/auth/auth.module_20250201155103.ts", "TypeScript", 0, 0, 0, 0, 0, 0, 26, 0, 0, 0, 0, 1, 27
"/Users/mehmetemintellioglu/Desktop/news_project_cursor copy 2/.history/backend/src/auth/auth.module_20250202172919.ts", "TypeScript", 0, 0, 0, 0, 0, 0, 26, 0, 0, 0, 0, 1, 27
"/Users/mehmetemintellioglu/Desktop/news_project_cursor copy 2/.history/backend/src/auth/auth.module_20250202175004.ts", "TypeScript", 0, 0, 0, 0, 0, 0, 26, 0, 0, 0, 0, 1, 27
"/Users/mehmetemintellioglu/Desktop/news_project_cursor copy 2/.history/backend/src/auth/auth.service_20250202155306.ts", "TypeScript", 0, 0, 0, 0, 0, 0, 106, 0, 0, 0, 2, 24, 132
"/Users/mehmetemintellioglu/Desktop/news_project_cursor copy 2/.history/backend/src/auth/auth.service_20250202210845.ts", "TypeScript", 0, 0, 0, 0, 0, 0, 106, 0, 0, 0, 2, 24, 132
"/Users/mehmetemintellioglu/Desktop/news_project_cursor copy 2/.history/backend/src/auth/auth.service_20250202210929.ts", "TypeScript", 0, 0, 0, 0, 0, 0, 106, 0, 0, 0, 2, 24, 132
"/Users/mehmetemintellioglu/Desktop/news_project_cursor copy 2/.history/backend/src/auth/auth.service_20250202212451.ts", "TypeScript", 0, 0, 0, 0, 0, 0, 119, 0, 0, 0, 2, 26, 147
"/Users/mehmetemintellioglu/Desktop/news_project_cursor copy 2/.history/backend/src/auth/auth.service_20250202212455.ts", "TypeScript", 0, 0, 0, 0, 0, 0, 119, 0, 0, 0, 2, 26, 147
"/Users/mehmetemintellioglu/Desktop/news_project_cursor copy 2/.history/backend/src/auth/auth.service_20250202223412.ts", "TypeScript", 0, 0, 0, 0, 0, 0, 99, 0, 0, 0, 2, 23, 124
"/Users/mehmetemintellioglu/Desktop/news_project_cursor copy 2/.history/backend/src/auth/auth.service_20250202223414.ts", "TypeScript", 0, 0, 0, 0, 0, 0, 99, 0, 0, 0, 2, 23, 124
"/Users/mehmetemintellioglu/Desktop/news_project_cursor copy 2/.history/backend/src/auth/jwt.strategy_20250130155418.ts", "TypeScript", 0, 0, 0, 0, 0, 0, 20, 0, 0, 0, 0, 2, 22
"/Users/mehmetemintellioglu/Desktop/news_project_cursor copy 2/.history/backend/src/auth/jwt.strategy_20250202223357.ts", "TypeScript", 0, 0, 0, 0, 0, 0, 33, 0, 0, 0, 0, 4, 37
"/Users/mehmetemintellioglu/Desktop/news_project_cursor copy 2/.history/backend/src/auth/jwt.strategy_20250202223403.ts", "TypeScript", 0, 0, 0, 0, 0, 0, 33, 0, 0, 0, 0, 4, 37
"/Users/mehmetemintellioglu/Desktop/news_project_cursor copy 2/.history/backend/src/auth/local-auth.guard_20250202153952.ts", "TypeScript", 0, 0, 0, 0, 0, 0, 4, 0, 0, 0, 0, 1, 5
"/Users/mehmetemintellioglu/Desktop/news_project_cursor copy 2/.history/backend/src/auth/local-auth.guard_20250202172653.ts", "TypeScript", 0, 0, 0, 0, 0, 0, 4, 0, 0, 0, 0, 1, 5
"/Users/mehmetemintellioglu/Desktop/news_project_cursor copy 2/.history/backend/src/auth/local-auth.guard_20250202172855.ts", "TypeScript", 0, 0, 0, 0, 0, 0, 4, 0, 0, 0, 0, 1, 5
"/Users/mehmetemintellioglu/Desktop/news_project_cursor copy 2/.history/backend/src/auth/local-auth.guard_20250202172929.ts", "TypeScript", 0, 0, 0, 0, 0, 0, 4, 0, 0, 0, 0, 1, 5
"/Users/mehmetemintellioglu/Desktop/news_project_cursor copy 2/.history/backend/src/auth/local-auth.guard_20250202173124.ts", "TypeScript", 0, 0, 0, 0, 0, 0, 4, 0, 0, 0, 0, 1, 5
"/Users/mehmetemintellioglu/Desktop/news_project_cursor copy 2/.history/backend/src/auth/local-auth.guard_20250202174433.ts", "TypeScript", 0, 0, 0, 0, 0, 0, 4, 0, 0, 0, 0, 2, 6
"/Users/mehmetemintellioglu/Desktop/news_project_cursor copy 2/.history/backend/src/auth/local-auth.guard_20250202174737.ts", "TypeScript", 0, 0, 0, 0, 0, 0, 4, 0, 0, 0, 0, 2, 6
"/Users/mehmetemintellioglu/Desktop/news_project_cursor copy 2/.history/backend/src/auth/local.strategy_20250201155140.ts", "TypeScript", 0, 0, 0, 0, 0, 0, 19, 0, 0, 0, 0, 2, 21
"/Users/mehmetemintellioglu/Desktop/news_project_cursor copy 2/.history/backend/src/auth/local.strategy_20250202172909.ts", "TypeScript", 0, 0, 0, 0, 0, 0, 19, 0, 0, 0, 0, 2, 21
"/Users/mehmetemintellioglu/Desktop/news_project_cursor copy 2/.history/backend/src/auth/local.strategy_20250202174727.ts", "TypeScript", 0, 0, 0, 0, 0, 0, 19, 0, 0, 0, 0, 3, 22
"/Users/mehmetemintellioglu/Desktop/news_project_cursor copy 2/.history/backend/src/auth/role.enum_20250202215143.ts", "TypeScript", 0, 0, 0, 0, 0, 0, 0, 0, 0, 0, 0, 1, 1
"/Users/mehmetemintellioglu/Desktop/news_project_cursor copy 2/.history/backend/src/auth/role.enum_20250202215146.ts", "TypeScript", 0, 0, 0, 0, 0, 0, 5, 0, 0, 0, 0, 0, 5
"/Users/mehmetemintellioglu/Desktop/news_project_cursor copy 2/.history/backend/src/auth/role.enum_20250202215247.ts", "TypeScript", 0, 0, 0, 0, 0, 0, 5, 0, 0, 0, 0, 0, 5
"/Users/mehmetemintellioglu/Desktop/news_project_cursor copy 2/.history/backend/src/auth/role.enum_20250202223333.ts", "TypeScript", 0, 0, 0, 0, 0, 0, 6, 0, 0, 0, 0, 0, 6
"/Users/mehmetemintellioglu/Desktop/news_project_cursor copy 2/.history/backend/src/auth/role.enum_20250202223350.ts", "TypeScript", 0, 0, 0, 0, 0, 0, 6, 0, 0, 0, 0, 0, 6
"/Users/mehmetemintellioglu/Desktop/news_project_cursor copy 2/.history/backend/src/auth/roles.decorator_20250130155529.ts", "TypeScript", 0, 0, 0, 0, 0, 0, 2, 0, 0, 0, 0, 1, 3
"/Users/mehmetemintellioglu/Desktop/news_project_cursor copy 2/.history/backend/src/auth/roles.decorator_20250202215017.ts", "TypeScript", 0, 0, 0, 0, 0, 0, 3, 0, 0, 0, 0, 1, 4
"/Users/mehmetemintellioglu/Desktop/news_project_cursor copy 2/.history/backend/src/auth/roles.decorator_20250202215057.ts", "TypeScript", 0, 0, 0, 0, 0, 0, 3, 0, 0, 0, 0, 1, 4
"/Users/mehmetemintellioglu/Desktop/news_project_cursor copy 2/.history/backend/src/auth/roles.decorator_20250202215159.ts", "TypeScript", 0, 0, 0, 0, 0, 0, 4, 0, 0, 0, 0, 1, 5
"/Users/mehmetemintellioglu/Desktop/news_project_cursor copy 2/.history/backend/src/auth/roles.decorator_20250202215247.ts", "TypeScript", 0, 0, 0, 0, 0, 0, 4, 0, 0, 0, 0, 1, 5
"/Users/mehmetemintellioglu/Desktop/news_project_cursor copy 2/.history/backend/src/auth/roles.guard_20250130155529.ts", "TypeScript", 0, 0, 0, 0, 0, 0, 14, 0, 0, 0, 0, 2, 16
"/Users/mehmetemintellioglu/Desktop/news_project_cursor copy 2/.history/backend/src/auth/roles.guard_20250202215030.ts", "TypeScript", 0, 0, 0, 0, 0, 0, 20, 0, 0, 0, 0, 4, 24
"/Users/mehmetemintellioglu/Desktop/news_project_cursor copy 2/.history/backend/src/auth/roles.guard_20250202215057.ts", "TypeScript", 0, 0, 0, 0, 0, 0, 20, 0, 0, 0, 0, 4, 24
"/Users/mehmetemintellioglu/Desktop/news_project_cursor copy 2/.history/backend/src/auth/roles.guard_20250202215212.ts", "TypeScript", 0, 0, 0, 0, 0, 0, 21, 0, 0, 0, 0, 4, 25
"/Users/mehmetemintellioglu/Desktop/news_project_cursor copy 2/.history/backend/src/auth/roles.guard_20250202215247.ts", "TypeScript", 0, 0, 0, 0, 0, 0, 21, 0, 0, 0, 0, 4, 25
"/Users/mehmetemintellioglu/Desktop/news_project_cursor copy 2/.history/backend/src/auth/roles.guard_20250202223346.ts", "TypeScript", 0, 0, 0, 0, 0, 0, 24, 0, 0, 0, 0, 6, 30
"/Users/mehmetemintellioglu/Desktop/news_project_cursor copy 2/.history/backend/src/auth/roles.guard_20250202223350.ts", "TypeScript", 0, 0, 0, 0, 0, 0, 24, 0, 0, 0, 0, 6, 30
"/Users/mehmetemintellioglu/Desktop/news_project_cursor copy 2/.history/backend/src/category/category.controller_20250130160437.ts", "TypeScript", 0, 0, 0, 0, 0, 0, 36, 0, 0, 0, 0, 6, 42
"/Users/mehmetemintellioglu/Desktop/news_project_cursor copy 2/.history/backend/src/category/category.controller_20250202171444.ts", "TypeScript", 0, 0, 0, 0, 0, 0, 32, 0, 0, 0, 0, 6, 38
"/Users/mehmetemintellioglu/Desktop/news_project_cursor copy 2/.history/backend/src/category/category.controller_20250202171546.ts", "TypeScript", 0, 0, 0, 0, 0, 0, 32, 0, 0, 0, 0, 6, 38
"/Users/mehmetemintellioglu/Desktop/news_project_cursor copy 2/.history/backend/src/category/category.controller_20250202214220.ts", "TypeScript", 0, 0, 0, 0, 0, 0, 38, 0, 0, 0, 0, 7, 45
"/Users/mehmetemintellioglu/Desktop/news_project_cursor copy 2/.history/backend/src/category/category.controller_20250202214256.ts", "TypeScript", 0, 0, 0, 0, 0, 0, 38, 0, 0, 0, 0, 7, 45
"/Users/mehmetemintellioglu/Desktop/news_project_cursor copy 2/.history/backend/src/category/category.module_20250130160437.ts", "TypeScript", 0, 0, 0, 0, 0, 0, 12, 0, 0, 0, 0, 1, 13
"/Users/mehmetemintellioglu/Desktop/news_project_cursor copy 2/.history/backend/src/category/category.module_20250202171416.ts", "TypeScript", 0, 0, 0, 0, 0, 0, 12, 0, 0, 0, 0, 1, 13
"/Users/mehmetemintellioglu/Desktop/news_project_cursor copy 2/.history/backend/src/category/category.module_20250202214203.ts", "TypeScript", 0, 0, 0, 0, 0, 0, 15, 0, 0, 0, 0, 1, 16
"/Users/mehmetemintellioglu/Desktop/news_project_cursor copy 2/.history/backend/src/category/category.module_20250202214256.ts", "TypeScript", 0, 0, 0, 0, 0, 0, 15, 0, 0, 0, 0, 1, 16
"/Users/mehmetemintellioglu/Desktop/news_project_cursor copy 2/.history/backend/src/category/category.service_20250130160437.ts", "TypeScript", 0, 0, 0, 0, 0, 0, 35, 0, 0, 0, 0, 6, 41
"/Users/mehmetemintellioglu/Desktop/news_project_cursor copy 2/.history/backend/src/category/category.service_20250202171432.ts", "TypeScript", 0, 0, 0, 0, 0, 0, 33, 0, 0, 0, 0, 6, 39
"/Users/mehmetemintellioglu/Desktop/news_project_cursor copy 2/.history/backend/src/category/category.service_20250202171546.ts", "TypeScript", 0, 0, 0, 0, 0, 0, 33, 0, 0, 0, 0, 6, 39
"/Users/mehmetemintellioglu/Desktop/news_project_cursor copy 2/.history/backend/src/category/category.service_20250202214239.ts", "TypeScript", 0, 0, 0, 0, 0, 0, 47, 0, 0, 0, 0, 10, 57
"/Users/mehmetemintellioglu/Desktop/news_project_cursor copy 2/.history/backend/src/category/category.service_20250202214256.ts", "TypeScript", 0, 0, 0, 0, 0, 0, 47, 0, 0, 0, 0, 10, 57
"/Users/mehmetemintellioglu/Desktop/news_project_cursor copy 2/.history/backend/src/dashboard/dashboard.controller_20250202220114.ts", "TypeScript", 0, 0, 0, 0, 0, 0, 0, 0, 0, 0, 0, 1, 1
"/Users/mehmetemintellioglu/Desktop/news_project_cursor copy 2/.history/backend/src/dashboard/dashboard.controller_20250202220117.ts", "TypeScript", 0, 0, 0, 0, 0, 0, 12, 0, 0, 0, 0, 2, 14
"/Users/mehmetemintellioglu/Desktop/news_project_cursor copy 2/.history/backend/src/dashboard/dashboard.controller_20250202220120.ts", "TypeScript", 0, 0, 0, 0, 0, 0, 12, 0, 0, 0, 0, 2, 14
"/Users/mehmetemintellioglu/Desktop/news_project_cursor copy 2/.history/backend/src/dashboard/dashboard.controller_20250202220337.ts", "TypeScript", 0, 0, 0, 0, 0, 0, 12, 0, 0, 0, 0, 2, 14
"/Users/mehmetemintellioglu/Desktop/news_project_cursor copy 2/.history/backend/src/dashboard/dashboard.module_20250202220136.ts", "TypeScript", 0, 0, 0, 0, 0, 0, 0, 0, 0, 0, 0, 1, 1
"/Users/mehmetemintellioglu/Desktop/news_project_cursor copy 2/.history/backend/src/dashboard/dashboard.module_20250202220140.ts", "TypeScript", 0, 0, 0, 0, 0, 0, 12, 0, 0, 0, 0, 1, 13
"/Users/mehmetemintellioglu/Desktop/news_project_cursor copy 2/.history/backend/src/dashboard/dashboard.module_20250202220142.ts", "TypeScript", 0, 0, 0, 0, 0, 0, 12, 0, 0, 0, 0, 1, 13
"/Users/mehmetemintellioglu/Desktop/news_project_cursor copy 2/.history/backend/src/dashboard/dashboard.module_20250202220328.ts", "TypeScript", 0, 0, 0, 0, 0, 0, 12, 0, 0, 0, 0, 1, 13
"/Users/mehmetemintellioglu/Desktop/news_project_cursor copy 2/.history/backend/src/dashboard/dashboard.service_20250202220126.ts", "TypeScript", 0, 0, 0, 0, 0, 0, 0, 0, 0, 0, 0, 1, 1
"/Users/mehmetemintellioglu/Desktop/news_project_cursor copy 2/.history/backend/src/dashboard/dashboard.service_20250202220130.ts", "TypeScript", 0, 0, 0, 0, 0, 0, 47, 0, 0, 0, 0, 4, 51
"/Users/mehmetemintellioglu/Desktop/news_project_cursor copy 2/.history/backend/src/dashboard/dashboard.service_20250202220142.ts", "TypeScript", 0, 0, 0, 0, 0, 0, 47, 0, 0, 0, 0, 4, 51
"/Users/mehmetemintellioglu/Desktop/news_project_cursor copy 2/.history/backend/src/dashboard/dashboard.service_20250202220320.ts", "TypeScript", 0, 0, 0, 0, 0, 0, 47, 0, 0, 0, 0, 4, 51
"/Users/mehmetemintellioglu/Desktop/news_project_cursor copy 2/.history/backend/src/entities/category.entity_20250130160637.ts", "TypeScript", 0, 0, 0, 0, 0, 0, 14, 0, 0, 0, 0, 5, 19
"/Users/mehmetemintellioglu/Desktop/news_project_cursor copy 2/.history/backend/src/entities/category.entity_20250202164039.ts", "TypeScript", 0, 0, 0, 0, 0, 0, 17, 0, 0, 0, 0, 6, 23
"/Users/mehmetemintellioglu/Desktop/news_project_cursor copy 2/.history/backend/src/entities/news.entity_20250130160615.ts", "TypeScript", 0, 0, 0, 0, 0, 0, 27, 0, 0, 0, 0, 11, 38
"/Users/mehmetemintellioglu/Desktop/news_project_cursor copy 2/.history/backend/src/entities/news.entity_20250202164030.ts", "TypeScript", 0, 0, 0, 0, 0, 0, 26, 0, 0, 0, 0, 10, 36
"/Users/mehmetemintellioglu/Desktop/news_project_cursor copy 2/.history/backend/src/entities/news.entity_20250202165058.ts", "TypeScript", 0, 0, 0, 0, 0, 0, 26, 0, 0, 0, 0, 10, 36
"/Users/mehmetemintellioglu/Desktop/news_project_cursor copy 2/.history/backend/src/entities/user-role-mapping.entity_20250201153800.ts", "TypeScript", 0, 0, 0, 0, 0, 0, 24, 0, 0, 0, 0, 7, 31
"/Users/mehmetemintellioglu/Desktop/news_project_cursor copy 2/.history/backend/src/entities/user-role-mapping.entity_20250202184355.ts", "TypeScript", 0, 0, 0, 0, 0, 0, 24, 0, 0, 0, 0, 7, 31
"/Users/mehmetemintellioglu/Desktop/news_project_cursor copy 2/.history/backend/src/entities/user-role-mapping.entity_20250202184418.ts", "TypeScript", 0, 0, 0, 0, 0, 0, 24, 0, 0, 0, 0, 7, 31
"/Users/mehmetemintellioglu/Desktop/news_project_cursor copy 2/.history/backend/src/entities/user-role-mapping.entity_20250202184507.ts", "TypeScript", 0, 0, 0, 0, 0, 0, 24, 0, 0, 0, 0, 7, 31
"/Users/mehmetemintellioglu/Desktop/news_project_cursor copy 2/.history/backend/src/entities/user-role-mapping.entity_20250202210317.ts", "TypeScript", 0, 0, 0, 0, 0, 0, 24, 0, 0, 0, 0, 7, 31
"/Users/mehmetemintellioglu/Desktop/news_project_cursor copy 2/.history/backend/src/entities/user-role-mapping.entity_20250202210341.ts", "TypeScript", 0, 0, 0, 0, 0, 0, 24, 0, 0, 0, 0, 7, 31
"/Users/mehmetemintellioglu/Desktop/news_project_cursor copy 2/.history/backend/src/entities/user.entity_20250202154823.ts", "TypeScript", 0, 0, 0, 0, 0, 0, 29, 0, 0, 0, 0, 11, 40
"/Users/mehmetemintellioglu/Desktop/news_project_cursor copy 2/.history/backend/src/entities/user.entity_20250202184252.ts", "TypeScript", 0, 0, 0, 0, 0, 0, 29, 0, 0, 0, 0, 11, 40
"/Users/mehmetemintellioglu/Desktop/news_project_cursor copy 2/.history/backend/src/entities/user.entity_20250202184324.ts", "TypeScript", 0, 0, 0, 0, 0, 0, 29, 0, 0, 0, 0, 11, 40
"/Users/mehmetemintellioglu/Desktop/news_project_cursor copy 2/.history/backend/src/main_20250202155049.ts", "TypeScript", 0, 0, 0, 0, 0, 0, 14, 0, 0, 0, 1, 4, 19
"/Users/mehmetemintellioglu/Desktop/news_project_cursor copy 2/.history/backend/src/main_20250202213318.ts", "TypeScript", 0, 0, 0, 0, 0, 0, 14, 0, 0, 0, 1, 4, 19
"/Users/mehmetemintellioglu/Desktop/news_project_cursor copy 2/.history/backend/src/main_20250202220715.ts", "TypeScript", 0, 0, 0, 0, 0, 0, 14, 0, 0, 0, 1, 4, 19
"/Users/mehmetemintellioglu/Desktop/news_project_cursor copy 2/.history/backend/src/main_20250202220717.ts", "TypeScript", 0, 0, 0, 0, 0, 0, 14, 0, 0, 0, 1, 4, 19
"/Users/mehmetemintellioglu/Desktop/news_project_cursor copy 2/.history/backend/src/news/news.controller_20250130173338.ts", "TypeScript", 0, 0, 0, 0, 0, 0, 41, 0, 0, 0, 0, 8, 49
"/Users/mehmetemintellioglu/Desktop/news_project_cursor copy 2/.history/backend/src/news/news.controller_20250202165514.ts", "TypeScript", 0, 0, 0, 0, 0, 0, 45, 0, 0, 0, 0, 9, 54
"/Users/mehmetemintellioglu/Desktop/news_project_cursor copy 2/.history/backend/src/news/news.controller_20250202213250.ts", "TypeScript", 0, 0, 0, 0, 0, 0, 47, 0, 0, 0, 0, 9, 56
"/Users/mehmetemintellioglu/Desktop/news_project_cursor copy 2/.history/backend/src/news/news.controller_20250202213256.ts", "TypeScript", 0, 0, 0, 0, 0, 0, 47, 0, 0, 0, 0, 9, 56
"/Users/mehmetemintellioglu/Desktop/news_project_cursor copy 2/.history/backend/src/news/news.controller_20250202213654.ts", "TypeScript", 0, 0, 0, 0, 0, 0, 55, 0, 0, 0, 0, 10, 65
"/Users/mehmetemintellioglu/Desktop/news_project_cursor copy 2/.history/backend/src/news/news.controller_20250202213720.ts", "TypeScript", 0, 0, 0, 0, 0, 0, 55, 0, 0, 0, 0, 10, 65
"/Users/mehmetemintellioglu/Desktop/news_project_cursor copy 2/.history/backend/src/news/news.controller_20250202214917.ts", "TypeScript", 0, 0, 0, 0, 0, 0, 120, 0, 0, 0, 0, 10, 130
"/Users/mehmetemintellioglu/Desktop/news_project_cursor copy 2/.history/backend/src/news/news.controller_20250202214945.ts", "TypeScript", 0, 0, 0, 0, 0, 0, 120, 0, 0, 0, 0, 10, 130
"/Users/mehmetemintellioglu/Desktop/news_project_cursor copy 2/.history/backend/src/news/news.controller_20250202215234.ts", "TypeScript", 0, 0, 0, 0, 0, 0, 121, 0, 0, 0, 0, 10, 131
"/Users/mehmetemintellioglu/Desktop/news_project_cursor copy 2/.history/backend/src/news/news.controller_20250202215247.ts", "TypeScript", 0, 0, 0, 0, 0, 0, 121, 0, 0, 0, 0, 10, 131
"/Users/mehmetemintellioglu/Desktop/news_project_cursor copy 2/.history/backend/src/news/news.module_20250130155529.ts", "TypeScript", 0, 0, 0, 0, 0, 0, 12, 0, 0, 0, 0, 1, 13
"/Users/mehmetemintellioglu/Desktop/news_project_cursor copy 2/.history/backend/src/news/news.module_20250202165455.ts", "TypeScript", 0, 0, 0, 0, 0, 0, 12, 0, 0, 0, 0, 1, 13
"/Users/mehmetemintellioglu/Desktop/news_project_cursor copy 2/.history/backend/src/news/news.module_20250202165456.ts", "TypeScript", 0, 0, 0, 0, 0, 0, 12, 0, 0, 0, 0, 1, 13
"/Users/mehmetemintellioglu/Desktop/news_project_cursor copy 2/.history/backend/src/news/news.module_20250202170608.ts", "TypeScript", 0, 0, 0, 0, 0, 0, 13, 0, 0, 0, 0, 1, 14
"/Users/mehmetemintellioglu/Desktop/news_project_cursor copy 2/.history/backend/src/news/news.module_20250202170653.ts", "TypeScript", 0, 0, 0, 0, 0, 0, 13, 0, 0, 0, 0, 1, 14
"/Users/mehmetemintellioglu/Desktop/news_project_cursor copy 2/.history/backend/src/news/news.module_20250202214150.ts", "TypeScript", 0, 0, 0, 0, 0, 0, 16, 0, 0, 0, 0, 1, 17
"/Users/mehmetemintellioglu/Desktop/news_project_cursor copy 2/.history/backend/src/news/news.module_20250202214256.ts", "TypeScript", 0, 0, 0, 0, 0, 0, 16, 0, 0, 0, 0, 1, 17
"/Users/mehmetemintellioglu/Desktop/news_project_cursor copy 2/.history/backend/src/news/news.service_20250130160812.ts", "TypeScript", 0, 0, 0, 0, 0, 0, 62, 0, 0, 0, 0, 9, 71
"/Users/mehmetemintellioglu/Desktop/news_project_cursor copy 2/.history/backend/src/news/news.service_20250202165441.ts", "TypeScript", 0, 0, 0, 0, 0, 0, 84, 0, 0, 0, 0, 10, 94
"/Users/mehmetemintellioglu/Desktop/news_project_cursor copy 2/.history/backend/src/news/news.service_20250202172343.ts", "TypeScript", 0, 0, 0, 0, 0, 0, 102, 0, 0, 0, 0, 18, 120
"/Users/mehmetemintellioglu/Desktop/news_project_cursor copy 2/.history/backend/src/news/news.service_20250202172401.ts", "TypeScript", 0, 0, 0, 0, 0, 0, 104, 0, 0, 0, 0, 18, 122
"/Users/mehmetemintellioglu/Desktop/news_project_cursor copy 2/.history/backend/src/news/news.service_20250202172410.ts", "TypeScript", 0, 0, 0, 0, 0, 0, 103, 0, 0, 0, 0, 18, 121
"/Users/mehmetemintellioglu/Desktop/news_project_cursor copy 2/.history/backend/src/news/news.service_20250202172434.ts", "TypeScript", 0, 0, 0, 0, 0, 0, 103, 0, 0, 0, 0, 18, 121
"/Users/mehmetemintellioglu/Desktop/news_project_cursor copy 2/.history/backend/src/news/news.service_20250202172633.ts", "TypeScript", 0, 0, 0, 0, 0, 0, 104, 0, 0, 0, 0, 18, 122
"/Users/mehmetemintellioglu/Desktop/news_project_cursor copy 2/.history/backend/src/news/news.service_20250202172707.ts", "TypeScript", 0, 0, 0, 0, 0, 0, 104, 0, 0, 0, 0, 18, 122
"/Users/mehmetemintellioglu/Desktop/news_project_cursor copy 2/.history/backend/src/news/news.service_20250202172721.ts", "TypeScript", 0, 0, 0, 0, 0, 0, 104, 0, 0, 0, 0, 18, 122
"/Users/mehmetemintellioglu/Desktop/news_project_cursor copy 2/.history/backend/src/news/news.service_20250202172735.ts", "TypeScript", 0, 0, 0, 0, 0, 0, 104, 0, 0, 0, 0, 18, 122
"/Users/mehmetemintellioglu/Desktop/news_project_cursor copy 2/.history/backend/src/news/news.service_20250202172748.ts", "TypeScript", 0, 0, 0, 0, 0, 0, 107, 0, 0, 0, 0, 18, 125
"/Users/mehmetemintellioglu/Desktop/news_project_cursor copy 2/.history/backend/src/news/news.service_20250202172820.ts", "TypeScript", 0, 0, 0, 0, 0, 0, 105, 0, 0, 0, 0, 19, 124
"/Users/mehmetemintellioglu/Desktop/news_project_cursor copy 2/.history/backend/src/news/news.service_20250202172823.ts", "TypeScript", 0, 0, 0, 0, 0, 0, 105, 0, 0, 0, 0, 19, 124
"/Users/mehmetemintellioglu/Desktop/news_project_cursor copy 2/.history/backend/src/news/news.service_20250202213309.ts", "TypeScript", 0, 0, 0, 0, 0, 0, 100, 0, 0, 0, 0, 20, 120
"/Users/mehmetemintellioglu/Desktop/news_project_cursor copy 2/.history/backend/src/news/news.service_20250202213641.ts", "TypeScript", 0, 0, 0, 0, 0, 0, 108, 0, 0, 0, 0, 21, 129
"/Users/mehmetemintellioglu/Desktop/news_project_cursor copy 2/.history/backend/src/news/news.service_20250202213647.ts", "TypeScript", 0, 0, 0, 0, 0, 0, 108, 0, 0, 0, 0, 21, 129
"/Users/mehmetemintellioglu/Desktop/news_project_cursor copy 2/.history/backend/src/news/news.service_20250202214855.ts", "TypeScript", 0, 0, 0, 0, 0, 0, 161, 0, 0, 0, 0, 23, 184
"/Users/mehmetemintellioglu/Desktop/news_project_cursor copy 2/.history/backend/src/news/news.service_20250202214945.ts", "TypeScript", 0, 0, 0, 0, 0, 0, 161, 0, 0, 0, 0, 23, 184
"/Users/mehmetemintellioglu/Desktop/news_project_cursor copy 2/.history/backend/src/news/news.service_20250202215449.ts", "TypeScript", 0, 0, 0, 0, 0, 0, 188, 0, 0, 0, 0, 23, 211
"/Users/mehmetemintellioglu/Desktop/news_project_cursor copy 2/.history/backend/src/news/news.service_20250202215517.ts", "TypeScript", 0, 0, 0, 0, 0, 0, 161, 0, 0, 0, 0, 23, 184
"/Users/mehmetemintellioglu/Desktop/news_project_cursor copy 2/.history/backend/src/seed.service_20250202164101.ts", "TypeScript", 0, 0, 0, 0, 0, 0, 0, 0, 0, 0, 0, 1, 1
"/Users/mehmetemintellioglu/Desktop/news_project_cursor copy 2/.history/backend/src/seed.service_20250202164105.ts", "TypeScript", 0, 0, 0, 0, 0, 0, 139, 0, 0, 0, 4, 18, 161
"/Users/mehmetemintellioglu/Desktop/news_project_cursor copy 2/.history/backend/src/users/users.controller_20250130160400.ts", "TypeScript", 0, 0, 0, 0, 0, 0, 36, 0, 0, 0, 0, 6, 42
"/Users/mehmetemintellioglu/Desktop/news_project_cursor copy 2/.history/backend/src/users/users.controller_20250202215247.ts", "TypeScript", 0, 0, 0, 0, 0, 0, 37, 0, 0, 0, 0, 6, 43
"/Users/mehmetemintellioglu/Desktop/news_project_cursor copy 2/.history/backend/src/users/users.controller_20250202215312.ts", "TypeScript", 0, 0, 0, 0, 0, 0, 37, 0, 0, 0, 0, 6, 43
"/Users/mehmetemintellioglu/Desktop/news_project_cursor copy 2/.history/backend/src/users/users.service_20250201154316.ts", "TypeScript", 0, 0, 0, 0, 0, 0, 66, 0, 0, 0, 0, 12, 78
"/Users/mehmetemintellioglu/Desktop/news_project_cursor copy 2/.history/backend/src/users/users.service_20250202174250.ts", "TypeScript", 0, 0, 0, 0, 0, 0, 107, 0, 0, 0, 1, 23, 131
"/Users/mehmetemintellioglu/Desktop/news_project_cursor copy 2/.history/backend/src/users/users.service_20250202174335.ts", "TypeScript", 0, 0, 0, 0, 0, 0, 107, 0, 0, 0, 1, 23, 131
"/Users/mehmetemintellioglu/Desktop/news_project_cursor copy 2/.history/backend/src/users/users.service_20250202210909.ts", "TypeScript", 0, 0, 0, 0, 0, 0, 107, 0, 0, 0, 1, 23, 131
"/Users/mehmetemintellioglu/Desktop/news_project_cursor copy 2/.history/backend/src/users/users.service_20250202210929.ts", "TypeScript", 0, 0, 0, 0, 0, 0, 107, 0, 0, 0, 1, 23, 131
"/Users/mehmetemintellioglu/Desktop/news_project_cursor copy 2/.history/backend/src/users/users.service_20250202211255.ts", "TypeScript", 0, 0, 0, 0, 0, 0, 120, 0, 0, 0, 5, 26, 151
"/Users/mehmetemintellioglu/Desktop/news_project_cursor copy 2/.history/backend/src/users/users.service_20250202215300.ts", "TypeScript", 0, 0, 0, 0, 0, 0, 108, 0, 0, 0, 1, 23, 132
"/Users/mehmetemintellioglu/Desktop/news_project_cursor copy 2/.history/backend/src/users/users.service_20250202215312.ts", "TypeScript", 0, 0, 0, 0, 0, 0, 108, 0, 0, 0, 1, 23, 132
"/Users/mehmetemintellioglu/Desktop/news_project_cursor copy 2/.history/backend/tsconfig_20250130155033.json", "JSON", 0, 21, 0, 0, 0, 0, 0, 0, 0, 0, 0, 1, 22
"/Users/mehmetemintellioglu/Desktop/news_project_cursor copy 2/.history/backend/tsconfig_20250202220357.json", "JSON", 0, 26, 0, 0, 0, 0, 0, 0, 0, 0, 0, 1, 27
"/Users/mehmetemintellioglu/Desktop/news_project_cursor copy 2/.history/backend/tsconfig_20250202220401.json", "JSON", 0, 26, 0, 0, 0, 0, 0, 0, 0, 0, 0, 1, 27
"/Users/mehmetemintellioglu/Desktop/news_project_cursor copy 2/.history/frontend/src/App_20250131141351.tsx", "TypeScript JSX", 58, 0, 0, 0, 0, 0, 0, 0, 0, 0, 1, 5, 64
"/Users/mehmetemintellioglu/Desktop/news_project_cursor copy 2/.history/frontend/src/App_20250202223601.tsx", "TypeScript JSX", 67, 0, 0, 0, 0, 0, 0, 0, 0, 0, 1, 5, 73
"/Users/mehmetemintellioglu/Desktop/news_project_cursor copy 2/.history/frontend/src/App_20250202223641.tsx", "TypeScript JSX", 67, 0, 0, 0, 0, 0, 0, 0, 0, 0, 1, 5, 73
"/Users/mehmetemintellioglu/Desktop/news_project_cursor copy 2/.history/frontend/src/App_20250202224545.tsx", "TypeScript JSX", 70, 0, 0, 0, 0, 0, 0, 0, 0, 0, 1, 5, 76
"/Users/mehmetemintellioglu/Desktop/news_project_cursor copy 2/.history/frontend/src/components/ProtectedRoute_20250202223538.tsx", "TypeScript JSX", 0, 0, 0, 0, 0, 0, 0, 0, 0, 0, 0, 1, 1
"/Users/mehmetemintellioglu/Desktop/news_project_cursor copy 2/.history/frontend/src/components/ProtectedRoute_20250202223541.tsx", "TypeScript JSX", 38, 0, 0, 0, 0, 0, 0, 0, 0, 0, 1, 10, 49
"/Users/mehmetemintellioglu/Desktop/news_project_cursor copy 2/.history/frontend/src/components/ProtectedRoute_20250202223641.tsx", "TypeScript JSX", 38, 0, 0, 0, 0, 0, 0, 0, 0, 0, 1, 10, 49
"/Users/mehmetemintellioglu/Desktop/news_project_cursor copy 2/.history/frontend/src/components/ProtectedRoute_20250202223842.tsx", "TypeScript JSX", 48, 0, 0, 0, 0, 0, 0, 0, 0, 0, 0, 11, 59
"/Users/mehmetemintellioglu/Desktop/news_project_cursor copy 2/.history/frontend/src/components/ProtectedRoute_20250202223951.tsx", "TypeScript JSX", 48, 0, 0, 0, 0, 0, 0, 0, 0, 0, 0, 11, 59
"/Users/mehmetemintellioglu/Desktop/news_project_cursor copy 2/.history/frontend/src/components/ProtectedRoute_20250202224101.tsx", "TypeScript JSX", 60, 0, 0, 0, 0, 0, 0, 0, 0, 0, 0, 13, 73
"/Users/mehmetemintellioglu/Desktop/news_project_cursor copy 2/.history/frontend/src/components/ProtectedRoute_20250202224116.tsx", "TypeScript JSX", 60, 0, 0, 0, 0, 0, 0, 0, 0, 0, 0, 13, 73
"/Users/mehmetemintellioglu/Desktop/news_project_cursor copy 2/.history/frontend/src/components/ProtectedRoute_20250202224352.tsx", "TypeScript JSX", 54, 0, 0, 0, 0, 0, 0, 0, 0, 0, 0, 13, 67
"/Users/mehmetemintellioglu/Desktop/news_project_cursor copy 2/.history/frontend/src/components/ProtectedRoute_20250202224437.tsx", "TypeScript JSX", 54, 0, 0, 0, 0, 0, 0, 0, 0, 0, 0, 13, 67
"/Users/mehmetemintellioglu/Desktop/news_project_cursor copy 2/.history/frontend/src/components/ProtectedRoute_20250202224556.tsx", "TypeScript JSX", 23, 0, 0, 0, 0, 0, 0, 0, 0, 0, 0, 6, 29
"/Users/mehmetemintellioglu/Desktop/news_project_cursor copy 2/.history/frontend/src/components/ProtectedRoute_20250202224638.tsx", "TypeScript JSX", 23, 0, 0, 0, 0, 0, 0, 0, 0, 0, 0, 6, 29
"/Users/mehmetemintellioglu/Desktop/news_project_cursor copy 2/.history/frontend/src/components/ProtectedRoute_20250202224722.tsx", "TypeScript JSX", 33, 0, 0, 0, 0, 0, 0, 0, 0, 0, 0, 7, 40
"/Users/mehmetemintellioglu/Desktop/news_project_cursor copy 2/.history/frontend/src/components/ProtectedRoute_20250202224804.tsx", "TypeScript JSX", 33, 0, 0, 0, 0, 0, 0, 0, 0, 0, 0, 7, 40
"/Users/mehmetemintellioglu/Desktop/news_project_cursor copy 2/.history/frontend/src/components/ProtectedRoute_20250202225241.tsx", "TypeScript JSX", 23, 0, 0, 0, 0, 0, 0, 0, 0, 0, 0, 6, 29
"/Users/mehmetemintellioglu/Desktop/news_project_cursor copy 2/.history/frontend/src/components/ProtectedRoute_20250202225315.tsx", "TypeScript JSX", 23, 0, 0, 0, 0, 0, 0, 0, 0, 0, 0, 6, 29
"/Users/mehmetemintellioglu/Desktop/news_project_cursor copy 2/.history/frontend/src/context/AuthContext_20250202224525.tsx", "TypeScript JSX", 0, 0, 0, 0, 0, 0, 0, 0, 0, 0, 0, 1, 1
"/Users/mehmetemintellioglu/Desktop/news_project_cursor copy 2/.history/frontend/src/context/AuthContext_20250202224531.tsx", "TypeScript JSX", 67, 0, 0, 0, 0, 0, 0, 0, 0, 0, 0, 13, 80
"/Users/mehmetemintellioglu/Desktop/news_project_cursor copy 2/.history/frontend/src/context/AuthContext_20250202224638.tsx", "TypeScript JSX", 67, 0, 0, 0, 0, 0, 0, 0, 0, 0, 0, 13, 80
"/Users/mehmetemintellioglu/Desktop/news_project_cursor copy 2/.history/frontend/src/context/AuthContext_20250202224737.tsx", "TypeScript JSX", 84, 0, 0, 0, 0, 0, 0, 0, 0, 0, 0, 15, 99
"/Users/mehmetemintellioglu/Desktop/news_project_cursor copy 2/.history/frontend/src/context/AuthContext_20250202224804.tsx", "TypeScript JSX", 84, 0, 0, 0, 0, 0, 0, 0, 0, 0, 0, 15, 99
"/Users/mehmetemintellioglu/Desktop/news_project_cursor copy 2/.history/frontend/src/context/AuthContext_20250202225230.tsx", "TypeScript JSX", 101, 0, 0, 0, 0, 0, 0, 0, 0, 0, 1, 14, 116
"/Users/mehmetemintellioglu/Desktop/news_project_cursor copy 2/.history/frontend/src/context/AuthContext_20250202225315.tsx", "TypeScript JSX", 101, 0, 0, 0, 0, 0, 0, 0, 0, 0, 1, 14, 116
"/Users/mehmetemintellioglu/Desktop/news_project_cursor copy 2/.history/frontend/src/context/AuthContext_20250202225634.tsx", "TypeScript JSX", 70, 0, 0, 0, 0, 0, 0, 0, 0, 0, 4, 12, 86
"/Users/mehmetemintellioglu/Desktop/news_project_cursor copy 2/.history/frontend/src/context/AuthContext_20250202225802.tsx", "TypeScript JSX", 70, 0, 0, 0, 0, 0, 0, 0, 0, 0, 4, 12, 86
"/Users/mehmetemintellioglu/Desktop/news_project_cursor copy 2/.history/frontend/src/context/AuthContext_20250202225912.tsx", "TypeScript JSX", 74, 0, 0, 0, 0, 0, 0, 0, 0, 0, 5, 12, 91
"/Users/mehmetemintellioglu/Desktop/news_project_cursor copy 2/.history/frontend/src/context/AuthContext_20250202230202.tsx", "TypeScript JSX", 92, 0, 0, 0, 0, 0, 0, 0, 0, 0, 0, 15, 107
"/Users/mehmetemintellioglu/Desktop/news_project_cursor copy 2/.history/frontend/src/context/AuthContext_20250202230225.tsx", "TypeScript JSX", 92, 0, 0, 0, 0, 0, 0, 0, 0, 0, 0, 15, 107
"/Users/mehmetemintellioglu/Desktop/news_project_cursor copy 2/.history/frontend/src/context/AuthContext_20250202230520.tsx", "TypeScript JSX", 92, 0, 0, 0, 0, 0, 0, 0, 0, 0, 0, 15, 107
"/Users/mehmetemintellioglu/Desktop/news_project_cursor copy 2/.history/frontend/src/context/AuthContext_20250202230523.tsx", "TypeScript JSX", 101, 0, 0, 0, 0, 0, 0, 0, 0, 0, 4, 16, 121
"/Users/mehmetemintellioglu/Desktop/news_project_cursor copy 2/.history/frontend/src/context/AuthContext_20250202230642.tsx", "TypeScript JSX", 101, 0, 0, 0, 0, 0, 0, 0, 0, 0, 4, 16, 121
"/Users/mehmetemintellioglu/Desktop/news_project_cursor copy 2/.history/frontend/src/pages/AdminDashboard_20250130160029.tsx", "TypeScript JSX", 228, 0, 0, 0, 0, 0, 0, 0, 0, 0, 0, 13, 241
"/Users/mehmetemintellioglu/Desktop/news_project_cursor copy 2/.history/frontend/src/pages/AdminDashboard_20250202223917.tsx", "TypeScript JSX", 266, 0, 0, 0, 0, 0, 0, 0, 0, 0, 0, 17, 283
"/Users/mehmetemintellioglu/Desktop/news_project_cursor copy 2/.history/frontend/src/pages/AdminDashboard_20250202223951.tsx", "TypeScript JSX", 266, 0, 0, 0, 0, 0, 0, 0, 0, 0, 0, 17, 283
"/Users/mehmetemintellioglu/Desktop/news_project_cursor copy 2/.history/frontend/src/pages/AdminDashboard_20250202224808.tsx", "TypeScript JSX", 274, 0, 0, 0, 0, 0, 0, 0, 0, 0, 0, 17, 291
"/Users/mehmetemintellioglu/Desktop/news_project_cursor copy 2/.history/frontend/src/pages/AdminDashboard_20250202224810.tsx", "TypeScript JSX", 274, 0, 0, 0, 0, 0, 0, 0, 0, 0, 0, 17, 291
"/Users/mehmetemintellioglu/Desktop/news_project_cursor copy 2/.history/frontend/src/pages/AdminDashboard_20250202224817.tsx", "TypeScript JSX", 274, 0, 0, 0, 0, 0, 0, 0, 0, 0, 0, 17, 291
"/Users/mehmetemintellioglu/Desktop/news_project_cursor copy 2/.history/frontend/src/pages/AdminDashboard_20250202224820.tsx", "TypeScript JSX", 274, 0, 0, 0, 0, 0, 0, 0, 0, 0, 0, 17, 291
"/Users/mehmetemintellioglu/Desktop/news_project_cursor copy 2/.history/frontend/src/pages/AdminDashboard_20250202225930.tsx", "TypeScript JSX", 115, 0, 0, 0, 0, 0, 0, 0, 0, 0, 0, 10, 125
"/Users/mehmetemintellioglu/Desktop/news_project_cursor copy 2/.history/frontend/src/pages/AdminDashboard_20250202230032.tsx", "TypeScript JSX", 115, 0, 0, 0, 0, 0, 0, 0, 0, 0, 0, 10, 125
"/Users/mehmetemintellioglu/Desktop/news_project_cursor copy 2/.history/frontend/src/pages/AdminDashboard_20250202230146.tsx", "TypeScript JSX", 119, 0, 0, 0, 0, 0, 0, 0, 0, 0, 0, 12, 131
"/Users/mehmetemintellioglu/Desktop/news_project_cursor copy 2/.history/frontend/src/pages/AdminLogin_20250130160029.tsx", "TypeScript JSX", 83, 0, 0, 0, 0, 0, 0, 0, 0, 0, 0, 10, 93
"/Users/mehmetemintellioglu/Desktop/news_project_cursor copy 2/.history/frontend/src/pages/AdminLogin_20250202223625.tsx", "TypeScript JSX", 106, 0, 0, 0, 0, 0, 0, 0, 0, 0, 5, 13, 124
"/Users/mehmetemintellioglu/Desktop/news_project_cursor copy 2/.history/frontend/src/pages/AdminLogin_20250202223641.tsx", "TypeScript JSX", 106, 0, 0, 0, 0, 0, 0, 0, 0, 0, 5, 13, 124
"/Users/mehmetemintellioglu/Desktop/news_project_cursor copy 2/.history/frontend/src/pages/AdminLogin_20250202224613.tsx", "TypeScript JSX", 97, 0, 0, 0, 0, 0, 0, 0, 0, 0, 0, 11, 108
"/Users/mehmetemintellioglu/Desktop/news_project_cursor copy 2/.history/frontend/src/pages/AdminLogin_20250202225300.tsx", "TypeScript JSX", 112, 0, 0, 0, 0, 0, 0, 0, 0, 0, 0, 12, 124
"/Users/mehmetemintellioglu/Desktop/news_project_cursor copy 2/.history/frontend/src/pages/AdminLogin_20250202225315.tsx", "TypeScript JSX", 112, 0, 0, 0, 0, 0, 0, 0, 0, 0, 0, 12, 124
"/Users/mehmetemintellioglu/Desktop/news_project_cursor copy 2/.history/frontend/src/pages/AdminLogin_20250202225653.tsx", "TypeScript JSX", 104, 0, 0, 0, 0, 0, 0, 0, 0, 0, 0, 12, 116
"/Users/mehmetemintellioglu/Desktop/news_project_cursor copy 2/.history/frontend/src/pages/AdminLogin_20250202225802.tsx", "TypeScript JSX", 104, 0, 0, 0, 0, 0, 0, 0, 0, 0, 0, 12, 116
"/Users/mehmetemintellioglu/Desktop/news_project_cursor copy 2/.history/frontend/src/pages/AdminLogin_20250202230502.tsx", "TypeScript JSX", 103, 0, 0, 0, 0, 0, 0, 0, 0, 0, 2, 13, 118
"/Users/mehmetemintellioglu/Desktop/news_project_cursor copy 2/.history/frontend/src/pages/AdminLogin_20250202230642.tsx", "TypeScript JSX", 103, 0, 0, 0, 0, 0, 0, 0, 0, 0, 2, 13, 118
"/Users/mehmetemintellioglu/Desktop/news_project_cursor copy 2/.history/frontend/src/pages/NewsDetail_20250130155853.tsx", "TypeScript JSX", 105, 0, 0, 0, 0, 0, 0, 0, 0, 0, 0, 12, 117
"/Users/mehmetemintellioglu/Desktop/news_project_cursor copy 2/.history/frontend/src/pages/NewsDetail_20250202165137.tsx", "TypeScript JSX", 88, 0, 0, 0, 0, 0, 0, 0, 0, 0, 4, 10, 102
"/Users/mehmetemintellioglu/Desktop/news_project_cursor copy 2/.history/frontend/src/pages/NewsDetail_20250202165350.tsx", "TypeScript JSX", 88, 0, 0, 0, 0, 0, 0, 0, 0, 0, 4, 10, 102
"/Users/mehmetemintellioglu/Desktop/news_project_cursor copy 2/README.md", "Markdown", 0, 0, 0, 0, 0, 1, 0, 0, 0, 0, 0, 1, 2
"/Users/mehmetemintellioglu/Desktop/news_project_cursor copy 2/admin-frontend/index.html", "HTML", 0, 0, 0, 0, 13, 0, 0, 0, 0, 0, 0, 0, 13
"/Users/mehmetemintellioglu/Desktop/news_project_cursor copy 2/admin-frontend/package-lock.json", "JSON", 0, 4246, 0, 0, 0, 0, 0, 0, 0, 0, 0, 1, 4247
"/Users/mehmetemintellioglu/Desktop/news_project_cursor copy 2/admin-frontend/package.json", "JSON", 0, 36, 0, 0, 0, 0, 0, 0, 0, 0, 0, 1, 37
"/Users/mehmetemintellioglu/Desktop/news_project_cursor copy 2/admin-frontend/src/App.tsx", "TypeScript JSX", 103, 0, 0, 0, 0, 0, 0, 0, 0, 0, 1, 9, 113
"/Users/mehmetemintellioglu/Desktop/news_project_cursor copy 2/admin-frontend/src/components/Layout.tsx", "TypeScript JSX", 150, 0, 0, 0, 0, 0, 0, 0, 0, 0, 0, 8, 158
"/Users/mehmetemintellioglu/Desktop/news_project_cursor copy 2/admin-frontend/src/index.css", "CSS", 0, 0, 0, 21, 0, 0, 0, 0, 0, 0, 0, 4, 25
"/Users/mehmetemintellioglu/Desktop/news_project_cursor copy 2/admin-frontend/src/main.tsx", "TypeScript JSX", 13, 0, 0, 0, 0, 0, 0, 0, 0, 0, 0, 1, 14
"/Users/mehmetemintellioglu/Desktop/news_project_cursor copy 2/admin-frontend/src/pages/Dashboard.tsx", "TypeScript JSX", 150, 0, 0, 0, 0, 0, 0, 0, 0, 0, 3, 12, 165
"/Users/mehmetemintellioglu/Desktop/news_project_cursor copy 2/admin-frontend/src/pages/Login.tsx", "TypeScript JSX", 110, 0, 0, 0, 0, 0, 0, 0, 0, 0, 0, 6, 116
"/Users/mehmetemintellioglu/Desktop/news_project_cursor copy 2/admin-frontend/src/pages/NewsManagement.tsx", "TypeScript JSX", 336, 0, 0, 0, 0, 0, 0, 0, 0, 0, 0, 23, 359
"/Users/mehmetemintellioglu/Desktop/news_project_cursor copy 2/admin-frontend/src/pages/UserManagement.tsx", "TypeScript JSX", 311, 0, 0, 0, 0, 0, 0, 0, 0, 0, 0, 15, 326
"/Users/mehmetemintellioglu/Desktop/news_project_cursor copy 2/admin-frontend/tsconfig.json", "JSON with Comments", 0, 0, 27, 0, 0, 0, 0, 0, 0, 0, 0, 0, 27
"/Users/mehmetemintellioglu/Desktop/news_project_cursor copy 2/admin-frontend/tsconfig.node.json", "JSON", 0, 11, 0, 0, 0, 0, 0, 0, 0, 0, 0, 0, 11
"/Users/mehmetemintellioglu/Desktop/news_project_cursor copy 2/admin-frontend/vite.config.ts", "TypeScript", 0, 0, 0, 0, 0, 0, 15, 0, 0, 0, 1, 1, 17
"/Users/mehmetemintellioglu/Desktop/news_project_cursor copy 2/backend/.env", "Properties", 0, 0, 0, 0, 0, 0, 0, 3, 0, 0, 0, 0, 3
"/Users/mehmetemintellioglu/Desktop/news_project_cursor copy 2/backend/.eslintrc.js", "JavaScript", 0, 0, 0, 0, 0, 0, 0, 0, 25, 0, 0, 1, 26
"/Users/mehmetemintellioglu/Desktop/news_project_cursor copy 2/backend/.prettierrc", "JSON", 0, 4, 0, 0, 0, 0, 0, 0, 0, 0, 0, 0, 4
"/Users/mehmetemintellioglu/Desktop/news_project_cursor copy 2/backend/README.md", "Markdown", 0, 0, 0, 0, 0, 51, 0, 0, 0, 0, 2, 21, 74
"/Users/mehmetemintellioglu/Desktop/news_project_cursor copy 2/backend/dist/app.controller.d.ts", "TypeScript", 0, 0, 0, 0, 0, 0, 17, 0, 0, 0, 0, 1, 18
"/Users/mehmetemintellioglu/Desktop/news_project_cursor copy 2/backend/dist/app.controller.js", "JavaScript", 0, 0, 0, 0, 0, 0, 0, 0, 57, 0, 1, 0, 58
"/Users/mehmetemintellioglu/Desktop/news_project_cursor copy 2/backend/dist/app.module.d.ts", "TypeScript", 0, 0, 0, 0, 0, 0, 2, 0, 0, 0, 0, 1, 3
"/Users/mehmetemintellioglu/Desktop/news_project_cursor copy 2/backend/dist/app.module.js", "JavaScript", 0, 0, 0, 0, 0, 0, 0, 0, 60, 0, 1, 0, 61
"/Users/mehmetemintellioglu/Desktop/news_project_cursor copy 2/backend/dist/app.service.d.ts", "TypeScript", 0, 0, 0, 0, 0, 0, 3, 0, 0, 0, 0, 1, 4
"/Users/mehmetemintellioglu/Desktop/news_project_cursor copy 2/backend/dist/app.service.js", "JavaScript", 0, 0, 0, 0, 0, 0, 0, 0, 19, 0, 1, 0, 20
"/Users/mehmetemintellioglu/Desktop/news_project_cursor copy 2/backend/dist/auth/auth.controller.d.ts", "TypeScript", 0, 0, 0, 0, 0, 0, 19, 0, 0, 0, 0, 1, 20
"/Users/mehmetemintellioglu/Desktop/news_project_cursor copy 2/backend/dist/auth/auth.controller.js", "JavaScript", 0, 0, 0, 0, 0, 0, 0, 0, 60, 0, 1, 0, 61
"/Users/mehmetemintellioglu/Desktop/news_project_cursor copy 2/backend/dist/auth/auth.module.d.ts", "TypeScript", 0, 0, 0, 0, 0, 0, 2, 0, 0, 0, 0, 1, 3
"/Users/mehmetemintellioglu/Desktop/news_project_cursor copy 2/backend/dist/auth/auth.module.js", "JavaScript", 0, 0, 0, 0, 0, 0, 0, 0, 39, 0, 1, 0, 40
"/Users/mehmetemintellioglu/Desktop/news_project_cursor copy 2/backend/dist/auth/auth.service.d.ts", "TypeScript", 0, 0, 0, 0, 0, 0, 24, 0, 0, 0, 0, 1, 25
"/Users/mehmetemintellioglu/Desktop/news_project_cursor copy 2/backend/dist/auth/auth.service.js", "JavaScript", 0, 0, 0, 0, 0, 0, 0, 0, 122, 0, 1, 0, 123
"/Users/mehmetemintellioglu/Desktop/news_project_cursor copy 2/backend/dist/auth/jwt-auth.guard.d.ts", "TypeScript", 0, 0, 0, 0, 0, 0, 4, 0, 0, 0, 0, 1, 5
"/Users/mehmetemintellioglu/Desktop/news_project_cursor copy 2/backend/dist/auth/jwt-auth.guard.js", "JavaScript", 0, 0, 0, 0, 0, 0, 0, 0, 17, 0, 1, 0, 18
"/Users/mehmetemintellioglu/Desktop/news_project_cursor copy 2/backend/dist/auth/jwt.strategy.d.ts", "TypeScript", 0, 0, 0, 0, 0, 0, 15, 0, 0, 0, 0, 1, 16
"/Users/mehmetemintellioglu/Desktop/news_project_cursor copy 2/backend/dist/auth/jwt.strategy.js", "JavaScript", 0, 0, 0, 0, 0, 0, 0, 0, 50, 0, 1, 0, 51
"/Users/mehmetemintellioglu/Desktop/news_project_cursor copy 2/backend/dist/auth/local-auth.guard.d.ts", "TypeScript", 0, 0, 0, 0, 0, 0, 4, 0, 0, 0, 0, 1, 5
"/Users/mehmetemintellioglu/Desktop/news_project_cursor copy 2/backend/dist/auth/local-auth.guard.js", "JavaScript", 0, 0, 0, 0, 0, 0, 0, 0, 17, 0, 1, 0, 18
"/Users/mehmetemintellioglu/Desktop/news_project_cursor copy 2/backend/dist/auth/local.strategy.d.ts", "TypeScript", 0, 0, 0, 0, 0, 0, 9, 0, 0, 0, 0, 1, 10
"/Users/mehmetemintellioglu/Desktop/news_project_cursor copy 2/backend/dist/auth/local.strategy.js", "JavaScript", 0, 0, 0, 0, 0, 0, 0, 0, 36, 0, 1, 0, 37
"/Users/mehmetemintellioglu/Desktop/news_project_cursor copy 2/backend/dist/auth/role.enum.d.ts", "TypeScript", 0, 0, 0, 0, 0, 0, 6, 0, 0, 0, 0, 1, 7
"/Users/mehmetemintellioglu/Desktop/news_project_cursor copy 2/backend/dist/auth/role.enum.js", "JavaScript", 0, 0, 0, 0, 0, 0, 0, 0, 10, 0, 1, 0, 11
"/Users/mehmetemintellioglu/Desktop/news_project_cursor copy 2/backend/dist/auth/roles.decorator.d.ts", "TypeScript", 0, 0, 0, 0, 0, 0, 3, 0, 0, 0, 0, 1, 4
"/Users/mehmetemintellioglu/Desktop/news_project_cursor copy 2/backend/dist/auth/roles.decorator.js", "JavaScript", 0, 0, 0, 0, 0, 0, 0, 0, 7, 0, 1, 0, 8
"/Users/mehmetemintellioglu/Desktop/news_project_cursor copy 2/backend/dist/auth/roles.guard.d.ts", "TypeScript", 0, 0, 0, 0, 0, 0, 7, 0, 0, 0, 0, 1, 8
"/Users/mehmetemintellioglu/Desktop/news_project_cursor copy 2/backend/dist/auth/roles.guard.js", "JavaScript", 0, 0, 0, 0, 0, 0, 0, 0, 39, 0, 1, 0, 40
"/Users/mehmetemintellioglu/Desktop/news_project_cursor copy 2/backend/dist/category/category.controller.d.ts", "TypeScript", 0, 0, 0, 0, 0, 0, 16, 0, 0, 0, 0, 1, 17
"/Users/mehmetemintellioglu/Desktop/news_project_cursor copy 2/backend/dist/category/category.controller.js", "JavaScript", 0, 0, 0, 0, 0, 0, 0, 0, 81, 0, 1, 0, 82
"/Users/mehmetemintellioglu/Desktop/news_project_cursor copy 2/backend/dist/category/category.module.d.ts", "TypeScript", 0, 0, 0, 0, 0, 0, 2, 0, 0, 0, 0, 1, 3
"/Users/mehmetemintellioglu/Desktop/news_project_cursor copy 2/backend/dist/category/category.module.js", "JavaScript", 0, 0, 0, 0, 0, 0, 0, 0, 28, 0, 1, 0, 29
"/Users/mehmetemintellioglu/Desktop/news_project_cursor copy 2/backend/dist/category/category.service.d.ts", "TypeScript", 0, 0, 0, 0, 0, 0, 16, 0, 0, 0, 0, 1, 17
"/Users/mehmetemintellioglu/Desktop/news_project_cursor copy 2/backend/dist/category/category.service.js", "JavaScript", 0, 0, 0, 0, 0, 0, 0, 0, 62, 0, 1, 0, 63
"/Users/mehmetemintellioglu/Desktop/news_project_cursor copy 2/backend/dist/dashboard/dashboard.controller.d.ts", "TypeScript", 0, 0, 0, 0, 0, 0, 11, 0, 0, 0, 0, 1, 12
"/Users/mehmetemintellioglu/Desktop/news_project_cursor copy 2/backend/dist/dashboard/dashboard.controller.js", "JavaScript", 0, 0, 0, 0, 0, 0, 0, 0, 35, 0, 1, 0, 36
"/Users/mehmetemintellioglu/Desktop/news_project_cursor copy 2/backend/dist/dashboard/dashboard.module.d.ts", "TypeScript", 0, 0, 0, 0, 0, 0, 2, 0, 0, 0, 0, 1, 3
"/Users/mehmetemintellioglu/Desktop/news_project_cursor copy 2/backend/dist/dashboard/dashboard.module.js", "JavaScript", 0, 0, 0, 0, 0, 0, 0, 0, 25, 0, 1, 0, 26
"/Users/mehmetemintellioglu/Desktop/news_project_cursor copy 2/backend/dist/dashboard/dashboard.service.d.ts", "TypeScript", 0, 0, 0, 0, 0, 0, 14, 0, 0, 0, 0, 1, 15
"/Users/mehmetemintellioglu/Desktop/news_project_cursor copy 2/backend/dist/dashboard/dashboard.service.js", "JavaScript", 0, 0, 0, 0, 0, 0, 0, 0, 67, 0, 1, 0, 68
"/Users/mehmetemintellioglu/Desktop/news_project_cursor copy 2/backend/dist/entities/category.entity.d.ts", "TypeScript", 0, 0, 0, 0, 0, 0, 9, 0, 0, 0, 0, 1, 10
"/Users/mehmetemintellioglu/Desktop/news_project_cursor copy 2/backend/dist/entities/category.entity.js", "JavaScript", 0, 0, 0, 0, 0, 0, 0, 0, 44, 0, 1, 0, 45
"/Users/mehmetemintellioglu/Desktop/news_project_cursor copy 2/backend/dist/entities/news.entity.d.ts", "TypeScript", 0, 0, 0, 0, 0, 0, 14, 0, 0, 0, 0, 1, 15
"/Users/mehmetemintellioglu/Desktop/news_project_cursor copy 2/backend/dist/entities/news.entity.js", "JavaScript", 0, 0, 0, 0, 0, 0, 0, 0, 61, 0, 1, 0, 62
"/Users/mehmetemintellioglu/Desktop/news_project_cursor copy 2/backend/dist/entities/role.enum.d.ts", "TypeScript", 0, 0, 0, 0, 0, 0, 8, 0, 0, 0, 0, 1, 9
"/Users/mehmetemintellioglu/Desktop/news_project_cursor copy 2/backend/dist/entities/role.enum.js", "JavaScript", 0, 0, 0, 0, 0, 0, 0, 0, 12, 0, 1, 0, 13
"/Users/mehmetemintellioglu/Desktop/news_project_cursor copy 2/backend/dist/entities/user-role-mapping.entity.d.ts", "TypeScript", 0, 0, 0, 0, 0, 0, 11, 0, 0, 0, 0, 1, 12
"/Users/mehmetemintellioglu/Desktop/news_project_cursor copy 2/backend/dist/entities/user-role-mapping.entity.js", "JavaScript", 0, 0, 0, 0, 0, 0, 0, 0, 53, 0, 1, 0, 54
"/Users/mehmetemintellioglu/Desktop/news_project_cursor copy 2/backend/dist/entities/user.entity.d.ts", "TypeScript", 0, 0, 0, 0, 0, 0, 15, 0, 0, 0, 0, 1, 16
"/Users/mehmetemintellioglu/Desktop/news_project_cursor copy 2/backend/dist/entities/user.entity.js", "JavaScript", 0, 0, 0, 0, 0, 0, 0, 0, 65, 0, 1, 0, 66
"/Users/mehmetemintellioglu/Desktop/news_project_cursor copy 2/backend/dist/main.d.ts", "TypeScript", 0, 0, 0, 0, 0, 0, 1, 0, 0, 0, 0, 1, 2
"/Users/mehmetemintellioglu/Desktop/news_project_cursor copy 2/backend/dist/main.js", "JavaScript", 0, 0, 0, 0, 0, 0, 0, 0, 16, 0, 1, 0, 17
"/Users/mehmetemintellioglu/Desktop/news_project_cursor copy 2/backend/dist/news/news.controller.d.ts", "TypeScript", 0, 0, 0, 0, 0, 0, 21, 0, 0, 0, 0, 1, 22
"/Users/mehmetemintellioglu/Desktop/news_project_cursor copy 2/backend/dist/news/news.controller.js", "JavaScript", 0, 0, 0, 0, 0, 0, 0, 0, 162, 0, 1, 0, 163
"/Users/mehmetemintellioglu/Desktop/news_project_cursor copy 2/backend/dist/news/news.module.d.ts", "TypeScript", 0, 0, 0, 0, 0, 0, 2, 0, 0, 0, 0, 1, 3
"/Users/mehmetemintellioglu/Desktop/news_project_cursor copy 2/backend/dist/news/news.module.js", "JavaScript", 0, 0, 0, 0, 0, 0, 0, 0, 29, 0, 1, 0, 30
"/Users/mehmetemintellioglu/Desktop/news_project_cursor copy 2/backend/dist/news/news.service.d.ts", "TypeScript", 0, 0, 0, 0, 0, 0, 26, 0, 0, 0, 0, 1, 27
"/Users/mehmetemintellioglu/Desktop/news_project_cursor copy 2/backend/dist/news/news.service.js", "JavaScript", 0, 0, 0, 0, 0, 0, 0, 0, 185, 0, 1, 0, 186
"/Users/mehmetemintellioglu/Desktop/news_project_cursor copy 2/backend/dist/seed.service.d.ts", "TypeScript", 0, 0, 0, 0, 0, 0, 16, 0, 0, 0, 0, 1, 17
"/Users/mehmetemintellioglu/Desktop/news_project_cursor copy 2/backend/dist/seed.service.js", "JavaScript", 0, 0, 0, 0, 0, 0, 0, 0, 161, 0, 1, 0, 162
"/Users/mehmetemintellioglu/Desktop/news_project_cursor copy 2/backend/dist/tsconfig.build.tsbuildinfo", "JSON", 0, 1, 0, 0, 0, 0, 0, 0, 0, 0, 0, 0, 1
"/Users/mehmetemintellioglu/Desktop/news_project_cursor copy 2/backend/dist/users/users.controller.d.ts", "TypeScript", 0, 0, 0, 0, 0, 0, 11, 0, 0, 0, 0, 1, 12
"/Users/mehmetemintellioglu/Desktop/news_project_cursor copy 2/backend/dist/users/users.controller.js", "JavaScript", 0, 0, 0, 0, 0, 0, 0, 0, 87, 0, 1, 0, 88
"/Users/mehmetemintellioglu/Desktop/news_project_cursor copy 2/backend/dist/users/users.module.d.ts", "TypeScript", 0, 0, 0, 0, 0, 0, 2, 0, 0, 0, 0, 1, 3
"/Users/mehmetemintellioglu/Desktop/news_project_cursor copy 2/backend/dist/users/users.module.js", "JavaScript", 0, 0, 0, 0, 0, 0, 0, 0, 26, 0, 1, 0, 27
"/Users/mehmetemintellioglu/Desktop/news_project_cursor copy 2/backend/dist/users/users.service.d.ts", "TypeScript", 0, 0, 0, 0, 0, 0, 17, 0, 0, 0, 0, 1, 18
"/Users/mehmetemintellioglu/Desktop/news_project_cursor copy 2/backend/dist/users/users.service.js", "JavaScript", 0, 0, 0, 0, 0, 0, 0, 0, 128, 0, 1, 0, 129
"/Users/mehmetemintellioglu/Desktop/news_project_cursor copy 2/backend/nest-cli.json", "JSON", 0, 8, 0, 0, 0, 0, 0, 0, 0, 0, 0, 1, 9
"/Users/mehmetemintellioglu/Desktop/news_project_cursor copy 2/backend/package-lock.json", "JSON", 0, 10450, 0, 0, 0, 0, 0, 0, 0, 0, 0, 1, 10451
"/Users/mehmetemintellioglu/Desktop/news_project_cursor copy 2/backend/package.json", "JSON", 0, 84, 0, 0, 0, 0, 0, 0, 0, 0, 0, 1, 85
"/Users/mehmetemintellioglu/Desktop/news_project_cursor copy 2/backend/src/app.controller.spec.ts", "TypeScript", 0, 0, 0, 0, 0, 0, 18, 0, 0, 0, 0, 5, 23
"/Users/mehmetemintellioglu/Desktop/news_project_cursor copy 2/backend/src/app.controller.ts", "TypeScript", 0, 0, 0, 0, 0, 0, 25, 0, 0, 0, 0, 4, 29
"/Users/mehmetemintellioglu/Desktop/news_project_cursor copy 2/backend/src/app.module.ts", "TypeScript", 0, 0, 0, 0, 0, 0, 47, 0, 0, 0, 0, 2, 49
"/Users/mehmetemintellioglu/Desktop/news_project_cursor copy 2/backend/src/app.service.ts", "TypeScript", 0, 0, 0, 0, 0, 0, 7, 0, 0, 0, 0, 2, 9
"/Users/mehmetemintellioglu/Desktop/news_project_cursor copy 2/backend/src/auth/auth.controller.ts", "TypeScript", 0, 0, 0, 0, 0, 0, 22, 0, 0, 0, 0, 4, 26
"/Users/mehmetemintellioglu/Desktop/news_project_cursor copy 2/backend/src/auth/auth.module.ts", "TypeScript", 0, 0, 0, 0, 0, 0, 26, 0, 0, 0, 0, 1, 27
"/Users/mehmetemintellioglu/Desktop/news_project_cursor copy 2/backend/src/auth/auth.service.ts", "TypeScript", 0, 0, 0, 0, 0, 0, 99, 0, 0, 0, 2, 23, 124
"/Users/mehmetemintellioglu/Desktop/news_project_cursor copy 2/backend/src/auth/jwt-auth.guard.ts", "TypeScript", 0, 0, 0, 0, 0, 0, 4, 0, 0, 0, 0, 1, 5
"/Users/mehmetemintellioglu/Desktop/news_project_cursor copy 2/backend/src/auth/jwt.strategy.ts", "TypeScript", 0, 0, 0, 0, 0, 0, 33, 0, 0, 0, 0, 4, 37
"/Users/mehmetemintellioglu/Desktop/news_project_cursor copy 2/backend/src/auth/local-auth.guard.ts", "TypeScript", 0, 0, 0, 0, 0, 0, 4, 0, 0, 0, 0, 2, 6
"/Users/mehmetemintellioglu/Desktop/news_project_cursor copy 2/backend/src/auth/local.strategy.ts", "TypeScript", 0, 0, 0, 0, 0, 0, 19, 0, 0, 0, 0, 3, 22
"/Users/mehmetemintellioglu/Desktop/news_project_cursor copy 2/backend/src/auth/role.enum.ts", "TypeScript", 0, 0, 0, 0, 0, 0, 6, 0, 0, 0, 0, 0, 6
"/Users/mehmetemintellioglu/Desktop/news_project_cursor copy 2/backend/src/auth/roles.decorator.ts", "TypeScript", 0, 0, 0, 0, 0, 0, 4, 0, 0, 0, 0, 1, 5
"/Users/mehmetemintellioglu/Desktop/news_project_cursor copy 2/backend/src/auth/roles.guard.ts", "TypeScript", 0, 0, 0, 0, 0, 0, 24, 0, 0, 0, 0, 6, 30
"/Users/mehmetemintellioglu/Desktop/news_project_cursor copy 2/backend/src/category/category.controller.ts", "TypeScript", 0, 0, 0, 0, 0, 0, 38, 0, 0, 0, 0, 7, 45
"/Users/mehmetemintellioglu/Desktop/news_project_cursor copy 2/backend/src/category/category.module.ts", "TypeScript", 0, 0, 0, 0, 0, 0, 15, 0, 0, 0, 0, 1, 16
"/Users/mehmetemintellioglu/Desktop/news_project_cursor copy 2/backend/src/category/category.service.ts", "TypeScript", 0, 0, 0, 0, 0, 0, 47, 0, 0, 0, 0, 10, 57
"/Users/mehmetemintellioglu/Desktop/news_project_cursor copy 2/backend/src/dashboard/dashboard.controller.ts", "TypeScript", 0, 0, 0, 0, 0, 0, 12, 0, 0, 0, 0, 2, 14
"/Users/mehmetemintellioglu/Desktop/news_project_cursor copy 2/backend/src/dashboard/dashboard.module.ts", "TypeScript", 0, 0, 0, 0, 0, 0, 12, 0, 0, 0, 0, 1, 13
"/Users/mehmetemintellioglu/Desktop/news_project_cursor copy 2/backend/src/dashboard/dashboard.service.ts", "TypeScript", 0, 0, 0, 0, 0, 0, 47, 0, 0, 0, 0, 4, 51
"/Users/mehmetemintellioglu/Desktop/news_project_cursor copy 2/backend/src/entities/category.entity.ts", "TypeScript", 0, 0, 0, 0, 0, 0, 17, 0, 0, 0, 0, 6, 23
"/Users/mehmetemintellioglu/Desktop/news_project_cursor copy 2/backend/src/entities/news.entity.ts", "TypeScript", 0, 0, 0, 0, 0, 0, 26, 0, 0, 0, 0, 10, 36
"/Users/mehmetemintellioglu/Desktop/news_project_cursor copy 2/backend/src/entities/role.enum.ts", "TypeScript", 0, 0, 0, 0, 0, 0, 8, 0, 0, 0, 0, 0, 8
"/Users/mehmetemintellioglu/Desktop/news_project_cursor copy 2/backend/src/entities/user-role-mapping.entity.ts", "TypeScript", 0, 0, 0, 0, 0, 0, 24, 0, 0, 0, 0, 7, 31
"/Users/mehmetemintellioglu/Desktop/news_project_cursor copy 2/backend/src/entities/user.entity.ts", "TypeScript", 0, 0, 0, 0, 0, 0, 29, 0, 0, 0, 0, 11, 40
"/Users/mehmetemintellioglu/Desktop/news_project_cursor copy 2/backend/src/main.ts", "TypeScript", 0, 0, 0, 0, 0, 0, 14, 0, 0, 0, 1, 4, 19
"/Users/mehmetemintellioglu/Desktop/news_project_cursor copy 2/backend/src/news/news.controller.ts", "TypeScript", 0, 0, 0, 0, 0, 0, 121, 0, 0, 0, 0, 10, 131
"/Users/mehmetemintellioglu/Desktop/news_project_cursor copy 2/backend/src/news/news.module.ts", "TypeScript", 0, 0, 0, 0, 0, 0, 16, 0, 0, 0, 0, 1, 17
"/Users/mehmetemintellioglu/Desktop/news_project_cursor copy 2/backend/src/news/news.service.ts", "TypeScript", 0, 0, 0, 0, 0, 0, 161, 0, 0, 0, 0, 23, 184
"/Users/mehmetemintellioglu/Desktop/news_project_cursor copy 2/backend/src/seed.service.ts", "TypeScript", 0, 0, 0, 0, 0, 0, 139, 0, 0, 0, 4, 18, 161
"/Users/mehmetemintellioglu/Desktop/news_project_cursor copy 2/backend/src/users/users.controller.ts", "TypeScript", 0, 0, 0, 0, 0, 0, 37, 0, 0, 0, 0, 6, 43
"/Users/mehmetemintellioglu/Desktop/news_project_cursor copy 2/backend/src/users/users.module.ts", "TypeScript", 0, 0, 0, 0, 0, 0, 13, 0, 0, 0, 0, 1, 14
"/Users/mehmetemintellioglu/Desktop/news_project_cursor copy 2/backend/src/users/users.service.ts", "TypeScript", 0, 0, 0, 0, 0, 0, 108, 0, 0, 0, 1, 23, 132
"/Users/mehmetemintellioglu/Desktop/news_project_cursor copy 2/backend/test/app.e2e-spec.ts", "TypeScript", 0, 0, 0, 0, 0, 0, 20, 0, 0, 0, 0, 5, 25
"/Users/mehmetemintellioglu/Desktop/news_project_cursor copy 2/backend/test/jest-e2e.json", "JSON", 0, 9, 0, 0, 0, 0, 0, 0, 0, 0, 0, 1, 10
"/Users/mehmetemintellioglu/Desktop/news_project_cursor copy 2/backend/tsconfig.build.json", "JSON", 0, 4, 0, 0, 0, 0, 0, 0, 0, 0, 0, 1, 5
"/Users/mehmetemintellioglu/Desktop/news_project_cursor copy 2/backend/tsconfig.json", "JSON with Comments", 0, 0, 26, 0, 0, 0, 0, 0, 0, 0, 0, 1, 27
"/Users/mehmetemintellioglu/Desktop/news_project_cursor copy 2/frontend/README.md", "Markdown", 0, 0, 0, 0, 0, 26, 0, 0, 0, 0, 0, 21, 47
"/Users/mehmetemintellioglu/Desktop/news_project_cursor copy 2/frontend/package-lock.json", "JSON", 0, 18274, 0, 0, 0, 0, 0, 0, 0, 0, 0, 1, 18275
"/Users/mehmetemintellioglu/Desktop/news_project_cursor copy 2/frontend/package.json", "JSON", 0, 50, 0, 0, 0, 0, 0, 0, 0, 0, 0, 1, 51
"/Users/mehmetemintellioglu/Desktop/news_project_cursor copy 2/frontend/public/index.html", "HTML", 0, 0, 0, 0, 20, 0, 0, 0, 0, 0, 23, 1, 44
"/Users/mehmetemintellioglu/Desktop/news_project_cursor copy 2/frontend/public/manifest.json", "JSON", 0, 25, 0, 0, 0, 0, 0, 0, 0, 0, 0, 1, 26
"/Users/mehmetemintellioglu/Desktop/news_project_cursor copy 2/frontend/src/App.css", "CSS", 0, 0, 0, 33, 0, 0, 0, 0, 0, 0, 0, 6, 39
"/Users/mehmetemintellioglu/Desktop/news_project_cursor copy 2/frontend/src/App.test.tsx", "TypeScript JSX", 9, 0, 0, 0, 0, 0, 0, 0, 0, 0, 0, 2, 11
"/Users/mehmetemintellioglu/Desktop/news_project_cursor copy 2/frontend/src/App.tsx", "TypeScript JSX", 70, 0, 0, 0, 0, 0, 0, 0, 0, 0, 1, 5, 76
"/Users/mehmetemintellioglu/Desktop/news_project_cursor copy 2/frontend/src/components/Navbar.tsx", "TypeScript JSX", 42, 0, 0, 0, 0, 0, 0, 0, 0, 0, 0, 2, 44
"/Users/mehmetemintellioglu/Desktop/news_project_cursor copy 2/frontend/src/components/ProtectedRoute.tsx", "TypeScript JSX", 23, 0, 0, 0, 0, 0, 0, 0, 0, 0, 0, 6, 29
"/Users/mehmetemintellioglu/Desktop/news_project_cursor copy 2/frontend/src/context/AuthContext.tsx", "TypeScript JSX", 101, 0, 0, 0, 0, 0, 0, 0, 0, 0, 4, 16, 121
"/Users/mehmetemintellioglu/Desktop/news_project_cursor copy 2/frontend/src/index.css", "CSS", 0, 0, 0, 12, 0, 0, 0, 0, 0, 0, 0, 2, 14
"/Users/mehmetemintellioglu/Desktop/news_project_cursor copy 2/frontend/src/index.tsx", "TypeScript JSX", 14, 0, 0, 0, 0, 0, 0, 0, 0, 0, 3, 4, 21
"/Users/mehmetemintellioglu/Desktop/news_project_cursor copy 2/frontend/src/logo.svg", "XML", 0, 0, 0, 0, 0, 0, 0, 0, 0, 1, 0, 0, 1
"/Users/mehmetemintellioglu/Desktop/news_project_cursor copy 2/frontend/src/pages/AdminDashboard.tsx", "TypeScript JSX", 119, 0, 0, 0, 0, 0, 0, 0, 0, 0, 0, 12, 131
"/Users/mehmetemintellioglu/Desktop/news_project_cursor copy 2/frontend/src/pages/AdminLogin.tsx", "TypeScript JSX", 103, 0, 0, 0, 0, 0, 0, 0, 0, 0, 2, 13, 118
"/Users/mehmetemintellioglu/Desktop/news_project_cursor copy 2/frontend/src/pages/AuthorDetail.tsx", "TypeScript JSX", 141, 0, 0, 0, 0, 0, 0, 0, 0, 0, 0, 10, 151
"/Users/mehmetemintellioglu/Desktop/news_project_cursor copy 2/frontend/src/pages/Authors.tsx", "TypeScript JSX", 76, 0, 0, 0, 0, 0, 0, 0, 0, 0, 0, 6, 82
"/Users/mehmetemintellioglu/Desktop/news_project_cursor copy 2/frontend/src/pages/Home.tsx", "TypeScript JSX", 190, 0, 0, 0, 0, 0, 0, 0, 0, 0, 5, 10, 205
"/Users/mehmetemintellioglu/Desktop/news_project_cursor copy 2/frontend/src/pages/NewsDetail.tsx", "TypeScript JSX", 88, 0, 0, 0, 0, 0, 0, 0, 0, 0, 4, 10, 102
"/Users/mehmetemintellioglu/Desktop/news_project_cursor copy 2/frontend/src/reportWebVitals.ts", "TypeScript", 0, 0, 0, 0, 0, 0, 11, 0, 0, 0, 0, 3, 14
"/Users/mehmetemintellioglu/Desktop/news_project_cursor copy 2/frontend/src/setupTests.ts", "TypeScript", 0, 0, 0, 0, 0, 0, 1, 0, 0, 0, 4, 1, 6
"/Users/mehmetemintellioglu/Desktop/news_project_cursor copy 2/frontend/tsconfig.json", "JSON with Comments", 0, 0, 23, 0, 0, 0, 0, 0, 0, 0, 0, 1, 24
"/Users/mehmetemintellioglu/Desktop/news_project_cursor copy 2/package-lock.json", "JSON", 0, 2220, 0, 0, 0, 0, 0, 0, 0, 0, 0, 1, 2221
"/Users/mehmetemintellioglu/Desktop/news_project_cursor copy 2/package.json", "JSON", 0, 18, 0, 0, 0, 0, 0, 0, 0, 0, 0, 1, 19
"Total", "-", 15033, 35764, 76, 66, 33, 78, 8997, 3, 1885, 1, 197, 2846, 64979